<?xml version="1.0" encoding="UTF-8"?>
<uptime xmlns:xsi="http://www.w3.org/2001/XMLSchema-instance" version="4.0" target_grouping="other">
	<class>SharePoint 2013</class>
	<exec>com.uptimesoftware.uptime.erdc.MonitorCustomScriptRunner</exec>
	<erdc_version>0.5</erdc_version>
	<category>Applications - General</category>
    <category_related>Applications - Web Services</category_related>
    <grid_info>
        <supported_versions>7.3,7.5</supported_versions>
        <supported_platforms>windows</supported_platforms>
        <upgrade_in_place>true</upgrade_in_place>
        <requires_agent_scripts>false</requires_agent_scripts>
    </grid_info>
	<elements>
		<element name="process_windows" parameter_type="input" data_type="string" gui_basic="1" range_type="0">
			<control_options> size:40 </control_options>
			<default_value>plugins/scripts/monitor-sharepoint-2013/sharepoint2013-monitor.bat</default_value>
			<short_description>Script Name</short_description>
			<long_description>Name of the script/binary/process to be executed by up.time </long_description>
			<validation_rule><alphanumeric/></validation_rule>
			<error_message><alphanumeric>required field</alphanumeric></error_message>
			<gui_type><string/></gui_type>
		</element>
		<element name='USERNAME' parameter_type='input' data_type='string' gui_basic='1' range_type='0' units=''>
			<control_options>size:8</control_options>
			<default_value></default_value>
			<validation_rule/><error_message/>
			<short_description>Username</short_description>
			<long_description>Username</long_description>
			<gui_type><string/></gui_type>
		</element>
		<element name='PASSWORD' parameter_type='input' data_type='string' gui_basic='1' range_type='0' units=''>
			<control_options>size:8</control_options>
			<default_value></default_value>
			<validation_rule/><error_message/>
			<short_description>Password</short_description>
			<long_description>Password</long_description>
			<gui_type><password/></gui_type>
		</element>
		<element name='ActiveHeapCount' parameter_type='output' data_type='ranged' gui_basic='' range_type='0' units=''>
			<control_options>size:8</control_options>
			<default_value></default_value>
			<short_description>ActiveHeapCount</short_description>
			<long_description>ActiveHeapCount</long_description>
			<validation_rule/>
			<error_message/>
			<gui_type><integer/></gui_type>
		</element>
		<element name='ActiveThreads' parameter_type='output' data_type='ranged' gui_basic='' range_type='0' units=''>
			<control_options>size:8</control_options>
			<default_value></default_value>
			<short_description>ActiveThreads</short_description>
			<long_description>ActiveThreads</long_description>
			<validation_rule/>
			<error_message/>
			<gui_type><integer/></gui_type>
		</element>
		<element name='CurrentPageRequests' parameter_type='output' data_type='ranged' gui_basic='' range_type='0' units=''>
			<control_options>size:8</control_options>
			<default_value></default_value>
			<short_description>CurrentPageRequests</short_description>
			<long_description>CurrentPageRequests</long_description>
			<validation_rule/>
			<error_message/>
			<gui_type><integer/></gui_type>
		</element>
		<element name='ExecutingSqlQueries' parameter_type='output' data_type='ranged' gui_basic='' range_type='0' units=''>
			<control_options>size:8</control_options>
			<default_value></default_value>
			<short_description>ExecutingSqlQueries</short_description>
			<long_description>ExecutingSqlQueries</long_description>
			<validation_rule/>
			<error_message/>
			<gui_type><integer/></gui_type>
		</element>
		<element name='ExecutingTimePerPageRequest' parameter_type='output' data_type='ranged' gui_basic='' range_type='0' units=''>
			<control_options>size:8</control_options>
			<default_value></default_value>
			<short_description>ExecutingTimePerPageRequest</short_description>
			<long_description>ExecutingTimePerPageRequest</long_description>
			<validation_rule/>
			<error_message/>
			<gui_type><integer/></gui_type>
		</element>
		<element name='HealthScore' parameter_type='output' data_type='ranged' gui_basic='' range_type='0' units=''>
			<control_options>size:8</control_options>
			<default_value></default_value>
			<short_description>HealthScore</short_description>
			<long_description>HealthScore</long_description>
			<validation_rule/>
			<error_message/>
			<gui_type><integer/></gui_type>
		</element>
		<element name='IncomingPageRequestsRate' parameter_type='output' data_type='ranged' gui_basic='' range_type='0' units=''>
			<control_options>size:8</control_options>
			<default_value></default_value>
			<short_description>IncomingPageRequestsRate</short_description>
			<long_description>IncomingPageRequestsRate</long_description>
			<validation_rule/>
			<error_message/>
			<gui_type><integer/></gui_type>
		</element>
		<element name='RejectPageRequestsRate' parameter_type='output' data_type='ranged' gui_basic='' range_type='0' units=''>
			<control_options>size:8</control_options>
			<default_value></default_value>
			<short_description>RejectPageRequestsRate</short_description>
			<long_description>RejectPageRequestsRate</long_description>
			<validation_rule/>
			<error_message/>
			<gui_type><integer/></gui_type>
		</element>
		<element name='RespondedPageRequestsRate' parameter_type='output' data_type='ranged' gui_basic='' range_type='0' units=''>
			<control_options>size:8</control_options>
			<default_value></default_value>
			<short_description>RespondedPageRequestsRate</short_description>
			<long_description>RespondedPageRequestsRate</long_description>
			<validation_rule/>
			<error_message/>
			<gui_type><integer/></gui_type>
		</element>
		<element name='SqlQueryExecutingtime' parameter_type='output' data_type='ranged' gui_basic='' range_type='0' units=''>
			<control_options>size:8</control_options>
			<default_value></default_value>
			<short_description>SqlQueryExecutingtime</short_description>
			<long_description>SqlQueryExecutingtime</long_description>
			<validation_rule/>
			<error_message/>
			<gui_type><integer/></gui_type>
		</element>
	</elements>
	<help>Monitor Sharepoint 2013 Performance</help>
</uptime>




